id,PlayerName,DraftAge,Country,country_group,Height,Weight,Position,DraftYear,Overall,CSS_rank,rs_GP,rs_G,rs_A,rs_P,rs_PIM,rs_PlusMinus,po_GP,po_G,po_A,po_P,po_PIM,po_PlusMinus,sum_7yr_GP,sum_7yr_TOI,GP_greater_than_0,lmt_prob,LeafNode
58592,"Brent Maclellan",18,Canada,CAN,75,227,D,2001,104,58,62,7,19,26,155,-34,11,0,0,0,41,0,0,0,no,0.9913875390466838,2
48428,"Mike Bray",19,Canada,CAN,75,207,R,2001,228,155,41,10,10,20,317,-2,4,1,1,2,35,0,0,0,no,0.952375793993944,2
8470041,"Rick Nash",18,CAN,CAN,76,212,R,2002,1,2,61,33,42,75,90,-16,12,10,9,19,21,0,441,8154,yes,0.9244759316600433,2
321,"Gustav Grasberg",18,Sweden,EURO,72,203,C,2001,240,43,56,13,12,25,86,-2,12,5,4,9,26,0,0,0,no,0.8960849578901594,2
43127,"Jesse Lane",19,USA,USA,74,205,D,2002,91,48,51,16,25,41,91,-11,11,1,9,10,18,0,0,0,no,0.7319783055429685,2
8470280,"Ben Eager",18,CAN,CAN,74,226,L,2002,23,15,71,15,26,41,300,-16,5,0,1,1,13,0,195,1529,yes,0.5912991299711904,2
18670,"Pierre-Luc Emond",19,Canada,CAN,72,220,C,2001,165,48,62,10,36,46,100,-8,6,2,0,2,10,0,0,0,no,0.43246784383933523,2
8470123,"Cam Janssen",18,USA,USA,72,215,R,2002,117,NULL,64,5,17,22,268,-7,10,0,0,0,13,0,163,784,yes,0.20537226288614552,2
8470299,"Erik Christensen",19,CAN,CAN,73,200,C,2002,69,46,70,22,36,58,68,-4,4,0,0,0,4,0,217,2840,yes,0.18852145168896906,2
9461,"Adam Henrich",18,Canada,CAN,76,238,L,2002,60,23,74,33,33,66,135,-4,0,0,0,0,0,0,0,0,no,0.18240619751590595,2
8470151,"Jay Bouwmeester",19,CAN,CAN,76,221,D,2002,3,1,68,11,52,63,52,-3,0,0,0,0,0,0,471,11754,yes,0.1776212275102655,2
526,"Fredrik Johansson",18,Sweden,EURO,72,187,C,2002,274,32,73,18,28,46,49,-2,8,3,8,11,4,0,0,0,no,0.1649277667533498,2
12854,"Beat Forster",18,Switzerlan,EURO,73,218,D,2001,78,20,51,8,10,18,104,-2,6,1,1,2,4,0,0,0,no,0.12905951555537218,2
13483,"Shawn Collymore",18,Canada,CAN,72,201,R,2001,139,39,71,24,43,67,32,-9,4,0,3,3,0,0,0,0,no,0.10150679943651099,2
8467904,"Charlie Stephens",20,CAN,CAN,76,225,C,2001,196,NULL,67,38,38,76,53,-1,4,0,2,2,2,0,8,48,yes,0.0992709504130749,2
18722,"Emanuel Peter",18,Switzerlan,EURO,73,209,C,2002,142,27,50,2,9,11,18,-2,6,1,0,1,4,0,0,0,no,0.09903866090436976,2
15838,"Petr Preucil",18,"Czech Rep.",EURO,74,187,L,2001,206,NULL,70,12,35,47,121,-30,4,1,0,1,11,0,0,0,no,0.08990125722550259,2
9644,"Igor Pohanka",18,Slovakia,EURO,75,212,C,2001,44,36,76,18,36,54,28,-28,0,0,0,0,0,0,0,0,no,0.06815982863299941,2
53959,"Jeff Lucky",18,Canada,CAN,72,203,C,2001,125,44,53,20,21,41,26,-2,0,0,0,0,0,0,0,0,no,0.0648820270897383,2
12768,"Greg Watson",18,Canada,CAN,72,205,C,2001,34,14,71,22,28,50,72,-42,0,0,0,0,0,0,0,0,no,0.06401291288417287,2
3595,"Oliver Setzinger",18,Austria,EURO,72,196,L,2001,76,28,64,19,18,37,104,-1,0,0,0,0,0,0,0,0,no,0.06099035470934188,2
18716,"Artyom Ternavsky",18,Russia,EURO,75,218,D,2001,160,45,71,3,16,19,147,-15,0,0,0,0,0,0,0,0,no,0.05663891535514625,2
12230,"Andrei Mikhnov",19,Ukraine,EURO,79,214,C,2002,62,77,67,14,18,32,43,-14,0,0,0,0,0,0,0,0,no,0.05493857266478798,2
9577,"Alexei Shkotov",18,Russia,EURO,70,183,R,2002,48,21,64,24,18,42,54,-6,0,0,0,0,0,0,0,0,no,0.05197295130100013,2
3216,"Ville Hamalainen",20,Finland,EURO,71,176,C,2001,251,51,70,13,16,29,18,-3,0,0,0,0,0,0,0,0,no,0.051891108162768776,2
31511,"Scott Horvath",19,USA,USA,74,225,R,2001,184,64,31,6,4,10,18,-4,0,0,0,0,0,0,0,0,no,0.05037306854089541,2
19740,"Denis Grot",18,Russia,EURO,72,207,D,2002,55,11,58,2,4,6,64,-9,0,0,0,0,0,0,0,0,no,0.04976077232487695,2
358,"Robin Jonsson",19,Sweden,EURO,74,220,D,2002,120,60,53,4,4,8,26,-9,0,0,0,0,0,0,0,0,no,0.04825700782878299,2
14458,"Justin Maiser",19,USA,USA,72,190,L,2002,165,40,36,8,14,22,65,-2,0,0,0,0,0,0,0,0,no,0.04381699181832583,2
11498,"Brian Sipotz",20,USA,USA,78,212,D,2001,100,75,32,0,1,1,48,-2,0,0,0,0,0,0,0,0,no,0.043265488510102514,2
15112,"Paul Flache",20,Canada,CAN,75,225,D,2002,144,NULL,68,9,35,44,148,-15,0,0,0,0,0,0,0,0,no,0.041184887542137213,2
9574,"Ilya Krikunov",18,Russia,EURO,71,179,L,2002,223,52,61,18,24,42,38,-1,0,0,0,0,0,0,0,0,no,0.041117765615276226,2
10333,"Anthony Aquino",19,Italy,EURO,70,203,R,2001,92,77,38,17,25,42,22,-7,0,0,0,0,0,0,0,0,no,0.03971300563844957,2
9606,"Petr Puncochar",18,"Czech Rep.",EURO,72,207,D,2001,186,45,46,9,8,17,18,-6,0,0,0,0,0,0,0,0,no,0.03947174789180135,2
15303,"Eric Lundberg",19,USA,USA,75,201,D,2002,94,68,36,0,9,9,26,-2,0,0,0,0,0,0,0,0,no,0.03755593852800582,2
13655,"Jan Holub",18,"Czech Rep.",EURO,75,216,D,2001,197,38,38,0,3,3,42,-9,0,0,0,0,0,0,0,0,no,0.03582580342873094,2
882,"Simon Skoog",18,Sweden,EURO,75,231,D,2001,283,107,49,2,3,5,50,-3,0,0,0,0,0,0,0,0,no,0.03543052570478586,2
59304,"Sergei Shemetov",18,Russia,EURO,73,198,L,2002,258,41,43,6,8,14,76,-4,0,0,0,0,0,0,0,0,no,0.03424797773935566,2
58479,"Alexei Stonkus",18,Russia,EURO,72,192,D,2002,189,29,55,5,7,12,52,-13,0,0,0,0,0,0,0,0,no,0.034221694338020456,2
58471,"Francois Caron",18,Canada,CAN,75,207,D,2002,261,85,68,3,17,20,99,-33,0,0,0,0,0,0,0,0,no,0.03356155341105496,2
58,"Per Mars",19,Sweden,EURO,75,216,C,2001,87,NULL,29,6,6,12,60,-2,5,1,1,2,4,0,0,0,no,0.030394938474023043,2
17967,"Kyle Bruce",18,Canada,CAN,72,192,R,2001,231,78,68,8,8,16,193,-26,0,0,0,0,0,0,0,0,no,0.03000652055286935,2
9575,"Igor Ignatushkin",18,Russia,EURO,72,194,C,2002,242,80,60,5,16,21,28,-12,0,0,0,0,0,0,0,0,no,0.029277779861781827,2
9391,"Neil Komadoski",19,USA,USA,74,203,D,2001,81,83,30,2,5,7,106,-8,0,0,0,0,0,0,0,0,no,0.029210690569756382,2
74,"Niklas Eckerblom",18,Sweden,EURO,73,209,R,2002,204,91,32,15,6,21,34,-2,0,0,0,0,0,0,0,0,no,0.027390613725397847,2
52860,"Josh Morrow",19,Canada,CAN,73,207,D,2002,203,NULL,76,10,27,37,199,-18,0,0,0,0,0,0,0,0,no,0.0268311328738864,2
15030,"Alexei Glukhov",18,Russia,EURO,76,225,C,2002,286,47,3,0,0,0,0,-2,3,0,0,0,0,0,0,0,no,0.02656020620218444,2
58785,"Jaroslav Sklenar",19,"Czech Rep.",EURO,73,172,R,2001,183,65,46,14,15,29,26,-10,0,0,0,0,0,0,0,0,no,0.02562580461403708,2
17852,"Matt Suderman",18,Canada,CAN,75,236,D,2001,199,NULL,70,1,8,9,116,-17,0,0,0,0,0,0,0,0,no,0.02517248872271483,2
13657,"Tomas Troliga",18,Slovakia,EURO,77,225,L,2002,89,78,14,1,3,4,31,-4,0,0,0,0,0,0,0,0,no,0.024913595332150044,2
12237,"Krisjanis Redlihs",21,Latvia,EURO,74,176,D,2002,154,NULL,77,2,13,15,26,-1,3,2,2,4,0,0,0,0,no,0.022710769650439305,2
27586,"Marian Havel",18,"Czech Rep.",EURO,72,185,C,2002,179,65,67,17,16,33,83,-44,0,0,0,0,0,0,0,0,no,0.02221905360202869,2
14562,"Patrick Jarrett",18,Canada,CAN,71,181,C,2002,138,100,47,6,24,30,24,-17,0,0,0,0,0,0,0,0,no,0.021891887900952117,2
28376,"Marc-Andre Roy",19,Canada,CAN,74,218,L,2002,214,NULL,58,0,1,1,432,-4,5,0,0,0,0,0,0,0,no,0.02160442411935186,2
41870,"Robin Kovar",18,"Czech Rep.",EURO,73,196,C,2002,123,75,35,5,10,15,18,-13,0,0,0,0,0,0,0,0,no,0.02118284130344874,2
7960,"Juris Stals",19,Latvia,EURO,75,201,C,2001,269,NULL,51,23,27,50,28,-5,3,1,0,1,0,0,0,0,no,0.020897108027241155,2
15320,"Garett Bembridge",20,Canada,CAN,72,163,R,2001,207,NULL,79,39,40,79,40,-35,0,0,0,0,0,0,0,0,no,0.020171870962059017,2
12453,"Vitali Atyushov",23,Russia,EURO,74,192,D,2002,276,NULL,51,4,7,11,64,-15,0,0,0,0,0,0,0,0,no,0.019878059021223908,2
13649,"Frantisek Skladany",19,Slovakia,EURO,72,183,R,2001,143,103,35,4,5,9,4,-1,0,0,0,0,0,0,0,0,no,0.018869665386121618,2
284,"Christian Soderstrom",22,Sweden,EURO,72,192,L,2002,262,NULL,48,8,8,16,16,-14,0,0,0,0,0,0,0,0,no,0.017383460532395305,2
17972,"Ryan Bowness",18,Canada,CAN,74,201,R,2001,236,NULL,52,5,10,15,51,-1,9,0,2,2,0,0,0,0,no,0.016870441723688897,2
11718,"Ned Havern",20,USA,USA,77,201,L,2002,273,NULL,38,6,6,12,10,-12,0,0,0,0,0,0,0,0,no,0.01517550928604867,2
58428,"John Toffey",20,USA,USA,75,205,C,2002,287,NULL,24,2,3,5,4,-2,0,0,0,0,0,0,0,0,no,0.014509067044773411,2
3218,"Tuomas Mikkonen",19,Finland,EURO,74,203,L,2002,243,NULL,29,6,11,17,29,-1,4,0,2,2,0,0,0,0,no,0.012859614128699057,2
15684,"Taylor Christie",19,Canada,CAN,75,209,D,2002,195,NULL,37,0,2,2,40,-13,0,0,0,0,0,0,0,0,no,0.012858906323327044,2
1345,"Per Braxenholm",19,Sweden,EURO,74,227,D,2002,283,NULL,16,0,1,1,4,-2,0,0,0,0,0,0,0,0,no,0.012351742324486239,2
13392,"Greg Hogeboom",20,Canada,CAN,72,179,R,2002,152,NULL,36,14,9,23,22,-12,0,0,0,0,0,0,0,0,no,0.011872931486797805,2
15023,"Ryan Murphy",19,USA,USA,71,185,R,2002,185,NULL,35,7,7,14,16,-1,0,0,0,0,0,0,0,0,no,0.011701967177214393,2
40942,"Kirill Sidorenko",19,Russia,EURO,76,196,R,2002,180,NULL,45,9,3,12,16,-18,0,0,0,0,0,0,0,0,no,0.009983969280532995,2
58284,"Anton Kadeykin",18,Russia,EURO,75,205,D,2002,51,NULL,41,2,2,4,62,-8,0,0,0,0,0,0,0,0,no,0.009859278610949672,2
14513,"Adrian Foster",19,Canada,CAN,72,205,C,2001,28,NULL,5,0,5,5,4,-1,0,0,0,0,0,0,0,0,no,0.009837795332664963,2
547,"Marcus Paulsson",18,Sweden,EURO,74,198,L,2002,149,NULL,45,2,4,6,47,-8,0,0,0,0,0,0,0,0,no,0.009531867794145051,2
13528,"Oleg Minakov",18,Russia,EURO,74,198,R,2001,216,NULL,25,0,3,3,6,-6,0,0,0,0,0,0,0,0,no,0.007368913314024775,2
